Variable,Time,Value,Saveper
NAREPLACEMENT,0.0,1.0E-7,0.0
FINAL_TIME,0.0,50.0,0.0
rate_that_people_contact_other_people,0.0,5.0,0.0
initial_susceptible,0.0,1000000.0,0.0
Time,0.0,0.0,0.0
INITIAL_TIME,0.0,0.0,0.0
initial_infected,0.0,10.0,0.0
TIME_STEP,0.0,0.25,0.0
fraction_infected_from_contact,0.0,0.1,0.0
SAVEPER,0.0,1.0,0.0
Healthy,0.0,1000000.0,0.0
Infected,0.0,10.0,0.0
Healthy,0.0,1000000.0,0.0
Infected,0.0,10.0,0.0
rate_of_potential_infectious_contacts,0.0,5000000.0,0.0
total_population,0.0,1000010.0,0.0
Fraction_of_population_infected,0.0,9.99990000099999E-6,0.0
Contacts_between_infected_and_unaffected,0.0,49.99950000499995,0.0
getting_sick,0.0,4.999950000499996,0.0
Healthy,0.25,999998.7500124999,0.25
Infected,0.25,11.249987500124998,0.25
rate_of_potential_infectious_contacts,0.25,4999993.750062499,0.25
total_population,0.25,1000010.0,0.25
Fraction_of_population_infected,0.25,1.1249875001374984E-5,0.25
Contacts_between_infected_and_unaffected,0.25,56.249304695859266,0.25
getting_sick,0.25,5.624930469585927,0.25
Healthy,0.5,999997.3437798824,0.5
Infected,0.5,12.65622011752148,0.5
rate_of_potential_infectious_contacts,0.5,4999986.718899412,0.5
total_population,0.5,1000009.9999999999,0.5
Fraction_of_population_infected,0.5,1.2656093556585915E-5,0.5
Contacts_between_infected_and_unaffected,0.5,63.280299696078,0.5
getting_sick,0.5,6.328029969607801,0.5
Healthy,0.75,999995.76177239,0.75
Infected,0.75,14.238227609923431,0.75
rate_of_potential_infectious_contacts,0.75,4999978.80886195,0.75
total_population,0.75,1000009.9999999999,0.75
Fraction_of_population_infected,0.75,1.4238085229071142E-5,0.75
Contacts_between_infected_and_unaffected,0.75,71.19012442412605,0.75
getting_sick,0.75,7.119012442412606,0.75
Healthy,1.0,999993.9820192794,0.0
Infected,1.0,16.017980720526584,0.0
rate_of_potential_infectious_contacts,1.0,4999969.910096397,0.0
total_population,1.0,1000009.9999999999,0.0
Fraction_of_population_infected,1.0,1.601782054232116E-5,0.0
Contacts_between_infected_and_unaffected,1.0,80.08862073692976,0.0
getting_sick,1.0,8.008862073692976,0.0
Healthy,1.25,999991.979803761,0.25
Infected,1.25,18.02019623894983,0.25
rate_of_potential_infectious_contacts,1.25,4999959.8990188055,0.25
total_population,1.25,1000010.0,0.25
Fraction_of_population_infected,1.25,1.802001603878944E-5,0.25
Contacts_between_infected_and_unaffected,1.25,90.09935757362291,0.25
getting_sick,1.25,9.00993575736229,0.25
Healthy,1.5,999989.7273198217,0.5
Infected,1.5,20.2726801782904,0.5
rate_of_potential_infectious_contacts,1.5,4999948.636599109,0.5
total_population,1.5,1000010.0,0.5
Fraction_of_population_infected,1.5,2.0272477453515866E-5,0.5
Contacts_between_infected_and_unaffected,1.5,101.36134600419282,0.5
getting_sick,1.5,10.136134600419282,0.5
Healthy,1.75,999987.1932861716,0.75
Infected,1.75,22.80671382839522,0.75
rate_of_potential_infectious_contacts,1.75,4999935.966430858,0.75
total_population,1.75,1000010.0,0.75
Fraction_of_population_infected,1.75,2.2806485763537584E-5,0.75
Contacts_between_infected_and_unaffected,1.75,114.03096843700489,0.75
getting_sick,1.75,11.403096843700489,0.75
Healthy,2.0,999984.3425119608,0.0
Infected,2.0,25.65748803932034,0.0
rate_of_potential_infectious_contacts,2.0,4999921.712559804,0.0
total_population,2.0,1000010.0000000001,0.0
Fraction_of_population_infected,2.0,2.565723146700567E-5,0.0
Contacts_between_infected_and_unaffected,2.0,128.2841486960543,0.0
getting_sick,2.0,12.828414869605432,0.0
Healthy,2.25,999981.1354082434,0.25
Infected,2.25,28.8645917567217,0.25
rate_of_potential_infectious_contacts,2.25,4999905.677041217,0.25
total_population,2.25,1000010.0000000001,0.25
Fraction_of_population_infected,2.25,2.886430311369056E-5,0.25
Contacts_between_infected_and_unaffected,2.25,144.3187930019799,0.25
getting_sick,2.25,14.431879300197991,0.25
Healthy,2.5,999977.5274384184,0.5
Infected,2.5,32.4725615817712,0.5
rate_of_potential_infectious_contacts,2.5,4999887.637192092,0.5
total_population,2.5,1000010.0000000001,0.5
Fraction_of_population_infected,2.5,3.2472236859402605E-5,0.5
Contacts_between_infected_and_unaffected,2.5,162.35753562530044,0.5
getting_sick,2.5,16.235753562530046,0.5
Healthy,2.75,999973.4685000278,0.75
Infected,2.75,36.531499972403715,0.75
rate_of_potential_infectious_contacts,2.75,4999867.342500139,0.75
total_population,2.75,1000010.0000000002,0.75
Fraction_of_population_infected,2.75,3.65311346610571E-5,0.75
Contacts_between_infected_and_unaffected,2.75,182.65082717629429,0.75
getting_sick,2.75,18.26508271762943,0.75
Healthy,3.0,999968.9022293484,0.0
Infected,3.0,41.097770651811075,0.0
rate_of_potential_infectious_contacts,3.0,4999844.511146742,0.0
total_population,3.0,1000010.0000000002,0.0
Fraction_of_population_infected,3.0,4.1097359678214285E-5,0.0
Contacts_between_infected_and_unaffected,3.0,205.48040820974313,0.0
getting_sick,3.0,20.548040820974315,0.0
Healthy,3.25,999963.7652191432,0.25
Infected,3.25,46.23478085705465,0.25
rate_of_potential_infectious_contacts,3.25,4999818.826095716,0.25
total_population,3.25,1000010.0000000003,0.25
Fraction_of_population_infected,3.25,4.62343185138695E-5,0.25
Contacts_between_infected_and_unaffected,3.25,231.16321611735043,0.25
getting_sick,3.25,23.116321611735046,0.25
Healthy,3.5,999957.9861387403,0.5
Infected,3.5,52.01386125998842,0.5
rate_of_potential_infectious_contacts,3.5,4999789.930693702,0.5
total_population,3.5,1000010.0000000003,0.5
Fraction_of_population_infected,3.5,5.201334112657713E-5,0.5
Contacts_between_infected_and_unaffected,3.5,260.05577922639696,0.5
getting_sick,3.5,26.0055779226397,0.5
Healthy,3.75,999951.4847442596,0.75
Infected,3.75,58.51525574064834,0.75
rate_of_potential_infectious_contacts,3.75,4999757.423721299,0.75
total_population,3.75,1000010.0000000002,0.75
Fraction_of_population_infected,3.75,5.851467059394239E-5,0.75
Contacts_between_infected_and_unaffected,3.75,292.5591586986698,0.75
getting_sick,3.75,29.255915869866982,0.75
Healthy,4.0,999944.1707652921,0.0
Infected,4.0,65.82923470811508,0.0
rate_of_potential_infectious_contacts,4.0,4999720.85382646,0.0
total_population,4.0,1000010.0000000002,0.0
Fraction_of_population_infected,4.0,6.582857642235084E-5,0.0
Contacts_between_infected_and_unaffected,4.0,329.1245063165364,0.0
getting_sick,4.0,32.91245063165364,0.0
Healthy,4.25,999935.9426526342,0.25
Infected,4.25,74.0573473660285,0.25
rate_of_potential_infectious_contacts,4.25,4999679.713263171,0.25
total_population,4.25,1000010.0000000002,0.25
Fraction_of_population_infected,4.25,7.405660679996048E-5,0.25
Contacts_between_infected_and_unaffected,4.25,370.2593146508698,0.25
getting_sick,4.25,37.02593146508698,0.25
Healthy,4.5,999926.686169768,0.5
Infected,4.5,83.31383023230023,0.5
rate_of_potential_infectious_contacts,4.5,4999633.43084884,0.5
total_population,4.5,1000010.0000000002,0.5
Fraction_of_population_infected,4.5,8.331299710232919E-5,0.5
Contacts_between_infected_and_unaffected,4.5,416.5344455370175,0.5
getting_sick,4.5,41.65344455370175,0.5
Healthy,4.75,999916.2728086296,0.75
Infected,4.75,93.72719137072568,0.75
rate_of_potential_infectious_contacts,4.75,4999581.364043148,0.75
total_population,4.75,1000010.0000000002,0.75
Fraction_of_population_infected,4.75,9.372625410818457E-5,0.75
Contacts_between_infected_and_unaffected,4.75,468.59203336085216,0.75
getting_sick,4.75,46.859203336085216,0.75
Healthy,5.0,999904.5580077955,0.0
Infected,5.0,105.44199220474698,0.0
rate_of_potential_infectious_contacts,5.0,4999522.790038978,0.0
total_population,5.0,1000010.0000000002,0.0
Fraction_of_population_infected,5.0,1.0544093779536901E-4,0.0
Contacts_between_infected_and_unaffected,5.0,527.1543715110296,0.0
getting_sick,5.0,52.71543715110296,0.0
Healthy,5.25,999891.3791485077,0.25
Infected,5.25,118.62085149252272,0.25
rate_of_potential_infectious_contacts,5.25,4999456.895742538,0.25
total_population,5.25,1000010.0000000002,0.25
Fraction_of_population_infected,5.25,1.1861966529586973E-4,0.25
Contacts_between_infected_and_unaffected,5.25,593.0339036341078,0.25
getting_sick,5.25,59.303390363410784,0.25
Healthy,5.5,999876.5533009169,0.5
Infected,5.5,133.44669908337542,0.5
rate_of_potential_infectious_contacts,5.5,4999382.766504585,0.5
total_population,5.5,1000010.0000000003,0.5
Fraction_of_population_infected,5.5,1.3344536462972907E-4,0.5
Contacts_between_infected_and_unaffected,5.5,667.144456199788,0.5
getting_sick,5.5,66.7144456199788,0.5
Healthy,5.75,999859.874689512,0.75
Infected,5.75,150.12531048837013,0.75
rate_of_potential_infectious_contacts,5.75,4999299.37344756,0.75
total_population,5.75,1000010.0000000003,0.75
Fraction_of_population_infected,5.75,1.5012380925027757E-4,0.75
Contacts_between_infected_and_unaffected,5.75,750.5138655244737,0.75
getting_sick,5.75,75.05138655244737,0.75
Healthy,6.0,999841.1118428739,0.0
Infected,6.0,168.88815712648199,0.0
rate_of_potential_infectious_contacts,6.0,4999205.559214369,0.0
total_population,6.0,1000010.0000000003,0.0
Fraction_of_population_infected,6.0,1.688864682617993E-4,0.0
Contacts_between_infected_and_unaffected,6.0,844.2981710104682,0.0
getting_sick,6.0,84.42981710104682,0.0
Healthy,6.25,999820.0043885986,0.25
Infected,6.25,189.9956114017437,0.25
rate_of_potential_infectious_contacts,6.25,4999100.021942993,0.25
total_population,6.25,1000010.0000000003,0.25
Fraction_of_population_infected,6.25,1.89993711464629E-4,0.25
Contacts_between_infected_and_unaffected,6.25,949.7975671518575,0.25
getting_sick,6.25,94.97975671518576,0.25
Healthy,6.5,999796.2594494198,0.5
Infected,6.5,213.74055058054014,0.5
rate_of_potential_infectious_contacts,6.5,4998981.297247099,0.5
total_population,6.5,1000010.0000000003,0.5
Fraction_of_population_infected,6.5,2.137384131964081E-4,0.5
Contacts_between_infected_and_unaffected,6.5,1068.4743300721166,0.5
getting_sick,6.5,106.84743300721166,0.5
Healthy,6.75,999769.547591168,0.75
Infected,6.75,240.45240883234305,0.75
rate_of_potential_infectious_contacts,6.75,4998847.73795584,0.75
total_population,6.75,1000010.0000000003,0.75
Fraction_of_population_infected,6.75,2.4045000433229965E-4,0.75
Contacts_between_infected_and_unaffected,6.75,1201.972960247988,0.75
getting_sick,6.75,120.19729602479882,0.75
Healthy,7.0,999739.4982671618,0.0
Infected,7.0,270.50173283854275,0.0
rate_of_potential_infectious_contacts,7.0,4998697.491335809,0.0
total_population,7.0,1000010.0000000003,0.0
Fraction_of_population_infected,7.0,2.7049902784826417E-4,0.0
Contacts_between_infected_and_unaffected,7.0,1352.1428119138932,0.0
getting_sick,7.0,135.21428119138932,0.0
Healthy,7.25,999705.6946968639,0.25
Infected,7.25,304.3053031363901,0.25
rate_of_potential_infectious_contacts,7.25,4998528.47348432,0.25
total_population,7.25,1000010.0000000002,0.25
Fraction_of_population_infected,7.25,3.0430226011378885E-4,0.25
Contacts_between_infected_and_unaffected,7.25,1521.0635117244053,0.25
getting_sick,7.25,152.10635117244053,0.25
Healthy,7.5,999667.6681090707,0.5
Infected,7.5,342.3318909295002,0.5
rate_of_potential_infectious_contacts,7.5,4998338.3405453535,0.5
total_population,7.5,1000010.0000000002,0.5
Fraction_of_population_infected,7.5,3.4232846764482367E-4,0.5
Contacts_between_infected_and_unaffected,7.5,1711.0735048892616,0.5
getting_sick,7.5,171.10735048892616,0.5
Healthy,7.75,999624.8912714485,0.75
Infected,7.75,385.10872855173176,0.75
rate_of_potential_infectious_contacts,7.75,4998124.456357243,0.75
total_population,7.75,1000010.0000000002,0.75
Fraction_of_population_infected,7.75,3.8510487750295663E-4,0.75
Contacts_between_infected_and_unaffected,7.75,1924.8021065099877,0.75
getting_sick,7.75,192.48021065099877,0.75
Healthy,8.0,999576.7712187857,0.0
Infected,8.0,433.22878121448144,0.0
rate_of_potential_infectious_contacts,8.0,4997883.856093928,0.0
total_population,8.0,1000010.0000000001,0.0
Fraction_of_population_infected,8.0,4.332244489699917E-4,0.0
Contacts_between_infected_and_unaffected,8.0,2165.2054795723093,0.0
getting_sick,8.0,216.52054795723095,0.0
Healthy,8.25,999522.6410817964,0.25
Infected,8.25,487.3589182037892,0.25
rate_of_potential_infectious_contacts,8.25,4997613.205408982,0.25
total_population,8.25,1000010.0000000001,0.25
Fraction_of_population_infected,8.25,4.873540446633425E-4,0.25
Contacts_between_infected_and_unaffected,8.25,2435.607009318999,0.25
getting_sick,8.25,243.56070093189993,0.25
Healthy,8.5,999461.7509065634,0.5
Infected,8.5,548.2490934367642,0.5
rate_of_potential_infectious_contacts,8.5,4997308.754532817,0.5
total_population,8.5,1000010.0000000001,0.5
Fraction_of_population_infected,8.5,5.482436110006541E-4,0.5
Contacts_between_infected_and_unaffected,8.5,2739.742596870253,0.5
getting_sick,8.5,273.97425968702527,0.5
Healthy,8.75,999393.2573416416,0.75
Infected,8.75,616.7426583585204,0.75
rate_of_potential_infectious_contacts,8.75,4996966.286708208,0.75
total_population,8.75,1000010.0000000001,0.75
Fraction_of_population_infected,8.75,6.167364909936105E-4,0.75
Contacts_between_infected_and_unaffected,8.75,3081.8114532777918,0.75
getting_sick,8.75,308.1811453277792,0.75
Healthy,9.0,999316.2120553097,0.0
Infected,9.0,693.7879446904652,0.0
rate_of_potential_infectious_contacts,9.0,4996581.060276548,0.0
total_population,9.0,1000010.0000000001,0.0
Fraction_of_population_infected,9.0,6.937810068803963E-4,0.0
Contacts_between_infected_and_unaffected,9.0,3466.533038958182,0.0
getting_sick,9.0,346.6533038958182,0.0
Healthy,9.25,999229.5487293358,0.25
Infected,9.25,780.4512706644198,0.25
rate_of_potential_infectious_contacts,9.25,4996147.7436466785,0.25
total_population,9.25,1000010.0000000002,0.25
Fraction_of_population_infected,9.25,7.804434662297573E-4,0.25
Contacts_between_infected_and_unaffected,9.25,3899.210862847595,0.25
getting_sick,9.25,389.9210862847595,0.25
Healthy,9.5,999132.0684577646,0.5
Infected,9.5,877.9315422356096,0.5
rate_of_potential_infectious_contacts,9.5,4995660.342288823,0.5
total_population,9.5,1000010.0000000002,0.5
Fraction_of_population_infected,9.5,8.779227630079793E-4,0.5
Contacts_between_infected_and_unaffected,9.5,4385.803930751591,0.5
getting_sick,9.5,438.5803930751591,0.5
Healthy,9.75,999022.4233594958,0.75
Infected,9.75,987.5766405043994,0.75
rate_of_potential_infectious_contacts,9.75,4995112.116797479,0.75
total_population,9.75,1000010.0000000002,0.75
Fraction_of_population_infected,9.75,9.875667648367508E-4,0.75
Contacts_between_infected_and_unaffected,9.75,4933.006713182541,0.75
getting_sick,9.75,493.3006713182541,0.75
Healthy,10.0,998899.0981916663,0.0
Infected,10.0,1110.901808333963,0.0
rate_of_potential_infectious_contacts,10.0,4994495.490958331,0.0
total_population,10.0,1000010.0000000002,0.0
Fraction_of_population_infected,10.0,0.0011108906994269684,0.0
Contacts_between_infected_and_unaffected,10.0,5548.33858923554,0.0
getting_sick,10.0,554.833858923554,0.0
Healthy,10.25,998760.3897269354,0.25
Infected,10.25,1249.6102730648513,0.25
rate_of_potential_infectious_contacts,10.25,4993801.948634677,0.25
total_population,10.25,1000010.0000000002,0.25
Fraction_of_population_infected,10.25,0.00124959777708708,0.25
Contacts_between_infected_and_unaffected,10.25,6240.243814227021,0.25
getting_sick,10.25,624.0243814227022,0.25
Healthy,10.5,998604.3836315797,0.5
Infected,10.5,1405.616368420527,0.5
rate_of_potential_infectious_contacts,10.5,4993021.918157899,0.5
total_population,10.5,1000010.0000000002,0.5
Fraction_of_population_infected,10.5,0.0014056023123974026,0.5
Contacts_between_infected_and_unaffected,10.5,7018.203154013657,0.5
getting_sick,10.5,701.8203154013657,0.5
Healthy,10.75,998428.9285527293,0.75
Infected,10.75,1581.0714472708682,0.75
rate_of_potential_infectious_contacts,10.75,4992144.642763646,0.75
total_population,10.75,1000010.0000000002,0.75
Fraction_of_population_infected,10.75,0.0015810556367145008,0.75
Contacts_between_infected_and_unaffected,10.75,7892.858426735561,0.75
getting_sick,10.75,789.2858426735561,0.75
Healthy,11.0,998231.607092061,0.0
Infected,11.0,1778.3929079392574,0.0
rate_of_potential_infectious_contacts,11.0,4991158.0354603045,0.0
total_population,11.0,1000010.0000000002,0.0
Fraction_of_population_infected,11.0,0.0017783751241880151,0.0
Contacts_between_infected_and_unaffected,11.0,8876.151291153728,0.0
getting_sick,11.0,887.6151291153728,0.0
Healthy,11.25,998009.7033097821,0.25
Infected,11.25,2000.2966902181006,0.25
rate_of_potential_infectious_contacts,11.25,4990048.51654891,0.25
total_population,11.25,1000010.0000000002,0.25
Fraction_of_population_infected,11.25,0.0020002766874512258,0.25
Contacts_between_infected_and_unaffected,11.25,9981.477716903357,0.25
getting_sick,11.25,998.1477716903357,0.25
Healthy,11.5,997760.1663668595,0.5
Infected,11.5,2249.8336331406845,0.5
rate_of_potential_infectious_contacts,11.5,4988800.831834298,0.5
total_population,11.5,1000010.0000000001,0.5
Fraction_of_population_infected,11.5,0.002249811135029334,0.5
Contacts_between_infected_and_unaffected,11.5,11223.859661904407,0.5
getting_sick,11.5,1122.3859661904407,0.5
Healthy,11.75,997479.5698753118,0.75
Infected,11.75,2530.4301246882947,0.75
rate_of_potential_infectious_contacts,11.75,4987397.849376559,0.75
total_population,11.75,1000010.0000000001,0.75
Fraction_of_population_infected,11.75,0.002530404820640088,0.75
Contacts_between_infected_and_unaffected,11.75,12620.135560512454,0.75
getting_sick,11.75,1262.0135560512454,0.75
Healthy,12.0,997164.066486299,0.0
Infected,12.0,2845.9335137011058,0.0
rate_of_potential_infectious_contacts,12.0,4985820.332431495,0.0
total_population,12.0,1000010.0000000001,0.0
Fraction_of_population_infected,12.0,0.002845905054650559,0.0
Contacts_between_infected_and_unaffected,12.0,14189.171285646322,0.0
getting_sick,12.0,1418.9171285646323,0.0
Healthy,12.25,996809.3372041578,0.25
Infected,12.25,3200.6627958422637,0.25
rate_of_potential_infectious_contacts,12.25,4984046.68602079,0.25
total_population,12.25,1000010.0000000001,0.25
Fraction_of_population_infected,12.25,0.003200630789534368,0.25
Contacts_between_infected_and_unaffected,12.25,15952.09327975487,0.25
getting_sick,12.25,1595.2093279754872,0.25
Healthy,12.5,996410.534872164,0.5
Infected,12.5,3599.4651278361353,0.5
rate_of_potential_infectious_contacts,12.5,4982052.67436082,0.5
total_population,12.5,1000010.0000000001,0.5
Fraction_of_population_infected,12.5,0.0035994291335447993,0.5
Contacts_between_infected_and_unaffected,12.5,17932.545540949115,0.5
getting_sick,12.5,1793.2545540949116,0.5
Healthy,12.75,995962.2212336403,0.75
Infected,12.75,4047.7787663598633,0.75
rate_of_potential_infectious_contacts,12.75,4979811.106168201,0.75
total_population,12.75,1000010.0000000002,0.75
Fraction_of_population_infected,12.75,0.004047738288976973,0.75
Contacts_between_infected_and_unaffected,12.75,20156.9720863098,0.75
getting_sick,12.75,2015.6972086309802,0.75
Healthy,13.0,995458.2969314826,0.0
Infected,13.0,4551.703068517609,0.0
rate_of_potential_infectious_contacts,13.0,4977291.484657413,0.0
total_population,13.0,1000010.0000000002,0.0
Fraction_of_population_infected,13.0,0.004551657551942088,0.0
Contacts_between_infected_and_unaffected,13.0,22654.926374357965,0.0
getting_sick,13.0,2265.4926374357965,0.0
Healthy,13.25,994891.9237721236,0.25
Infected,13.25,5118.076227876558,0.25
rate_of_potential_infectious_contacts,13.25,4974459.618860618,0.25
total_population,13.25,1000010.0000000002,0.25
Fraction_of_population_infected,13.25,0.00511802504762608,0.25
Contacts_between_infected_and_unaffected,13.25,25459.40892773313,0.25
getting_sick,13.25,2545.940892773313,0.25
Healthy,13.5,994255.4385489303,0.5
Infected,13.5,5754.561451069886,0.5
rate_of_potential_infectious_contacts,13.5,4971277.192744652,0.5
total_population,13.5,1000010.0000000002,0.5
Fraction_of_population_infected,13.5,0.005754503906030824,0.5
Contacts_between_infected_and_unaffected,13.5,28607.23402361105,0.5
getting_sick,13.5,2860.7234023611054,0.5
Healthy,13.75,993540.2576983401,0.75
Infected,13.75,6469.742301660162,0.75
rate_of_potential_infectious_contacts,13.75,4967701.288491701,0.75
total_population,13.75,1000010.0000000002,0.75
Fraction_of_population_infected,13.75,0.0064696776048841125,0.75
Contacts_between_infected_and_unaffected,13.75,32139.425773908708,0.75
getting_sick,13.75,3213.942577390871,0.75
Healthy,14.0,992736.7720539924,0.0
Infected,14.0,7273.22794600788,0.0
rate_of_potential_infectious_contacts,14.0,4963683.860269962,0.0
total_population,14.0,1000010.0000000002,0.0
Fraction_of_population_infected,14.0,0.0072731552144557335,0.0
Contacts_between_infected_and_unaffected,14.0,36101.64315123224,0.0
getting_sick,14.0,3610.164315123224,0.0
Healthy,14.25,991834.2309752116,0.25
Infected,14.25,8175.769024788686,0.25
rate_of_potential_infectious_contacts,14.25,4959171.154876058,0.25
total_population,14.25,1000010.0000000002,0.25
Fraction_of_population_infected,14.25,0.008175687267916005,0.25
Contacts_between_infected_and_unaffected,14.25,40544.632470336495,0.25
getting_sick,14.25,4054.4632470336496,0.25
Healthy,14.5,990820.6151634532,0.5
Infected,14.5,9189.384836547099,0.5
rate_of_potential_infectious_contacts,14.5,4954103.075817266,0.5
total_population,14.5,1000010.0000000002,0.5
Fraction_of_population_infected,14.5,0.00918929294361766,0.5
Contacts_between_infected_and_unaffected,14.5,45524.70443656214,0.5
getting_sick,14.5,4552.470443656214,0.5
Healthy,14.75,989682.4975525391,0.75
Infected,14.75,10327.502447461153,0.75
rate_of_potential_infectious_contacts,14.75,4948412.487762695,0.75
total_population,14.75,1000010.0000000002,0.75
Fraction_of_population_infected,14.75,0.010327399173469415,0.75
Contacts_between_infected_and_unaffected,14.75,51104.23103610619,0.75
getting_sick,14.75,5110.423103610619,0.75
Healthy,15.0,988404.8917766365,0.0
Infected,15.0,11605.108223363808,0.0
rate_of_potential_infectious_contacts,15.0,4942024.458883182,0.0
total_population,15.0,1000010.0000000002,0.0
Fraction_of_population_infected,15.0,0.011604992173442071,0.0
Contacts_between_infected_and_unaffected,15.0,57352.15516629862,0.0
getting_sick,15.0,5735.215516629862,0.0
Healthy,15.25,986971.0878974791,0.25
Infected,15.25,13038.912102521273,0.25
rate_of_potential_infectious_contacts,15.25,4934855.439487396,0.25
total_population,15.25,1000010.0000000003,0.25
Fraction_of_population_infected,15.25,0.013038781714704122,0.25
Contacts_between_infected_and_unaffected,15.25,64344.502869096425,0.25
getting_sick,15.25,6434.450286909643,0.25
Healthy,15.5,985362.4753257517,0.5
Infected,15.5,14647.524674248685,0.5
rate_of_potential_infectious_contacts,15.5,4926812.376628758,0.5
total_population,15.5,1000010.0000000003,0.5
Fraction_of_population_infected,15.5,0.014647378200466675,0.5
Contacts_between_infected_and_unaffected,15.5,72164.88420322149,0.5
getting_sick,15.5,7216.488420322149,0.5
Healthy,15.75,983558.3532206712,0.75
Infected,15.75,16451.64677932922,0.75
rate_of_potential_infectious_contacts,15.75,4917791.766103356,0.75
total_population,15.75,1000010.0000000003,0.75
Fraction_of_population_infected,15.75,0.01645148226450657,0.75
Contacts_between_infected_and_unaffected,15.75,80904.9640205858,0.75
getting_sick,15.75,8090.49640205858,0.75
Healthy,16.0,981535.7291201565,0.0
Infected,16.0,18474.270879843865,0.0
rate_of_potential_infectious_contacts,16.0,4907678.645600783,0.0
total_population,16.0,1000010.0000000003,0.0
Fraction_of_population_infected,16.0,0.01847408613898247,0.0
Contacts_between_infected_and_unaffected,16.0,90664.87804127368,0.0
getting_sick,16.0,9066.487804127368,0.0
Healthy,16.25,979269.1071691246,0.25
Infected,16.25,20740.892830875706,0.25
rate_of_potential_infectious_contacts,16.25,4896345.535845623,0.25
total_population,16.25,1000010.0000000003,0.25
Fraction_of_population_infected,16.25,0.02074068542402146,0.25
Contacts_between_infected_and_unaffected,16.25,101553.56248628585,0.25
getting_sick,16.25,10155.356248628586,0.25
Healthy,16.5,976730.2681069674,0.5
Infected,16.5,23279.73189303285,0.5
rate_of_potential_infectious_contacts,16.5,4883651.340534837,0.5
total_population,16.5,1000010.0000000003,0.5
Fraction_of_population_infected,16.5,0.02327949909804186,0.5
Contacts_between_infected_and_unaffected,16.5,113688.95697713166,0.5
getting_sick,16.5,11368.895697713167,0.5
Healthy,16.75,973888.0441825391,0.75
Infected,16.75,26121.955817461145,0.75
rate_of_potential_infectious_contacts,16.75,4869440.220912696,0.75
total_population,16.75,1000010.0000000002,0.75
Fraction_of_population_infected,16.75,0.026121694600515135,0.75
Contacts_between_infected_and_unaffected,16.75,127198.0303261464,0.75
getting_sick,16.75,12719.80303261464,0.75
Healthy,17.0,970708.0934243854,0.0
Infected,17.0,29301.906575614805,0.0
rate_of_potential_infectious_contacts,17.0,4853540.467121927,0.0
total_population,17.0,1000010.0000000002,0.0
Fraction_of_population_infected,17.0,0.029301613559479203,0.0
Contacts_between_infected_and_unaffected,17.0,142216.56716290087,0.0
getting_sick,17.0,14221.656716290088,0.0
Healthy,17.25,967152.6792453129,0.25
Infected,17.25,32857.320754687324,0.25
rate_of_potential_infectious_contacts,17.25,4835763.396226564,0.25
total_population,17.25,1000010.0000000002,0.25
Fraction_of_population_infected,17.25,0.03285699218476547,0.25
Contacts_between_infected_and_unaffected,17.25,158888.64011719116,0.25
getting_sick,17.25,15888.864011719117,0.25
Healthy,17.5,963180.4632423832,0.5
Infected,17.5,36829.536757617105,0.5
rate_of_potential_infectious_contacts,17.5,4815902.3162119165,0.5
total_population,17.5,1000010.0000000003,0.5
Fraction_of_population_infected,17.5,0.036829168465932434,0.5
Contacts_between_infected_and_unaffected,17.5,177365.67771924287,0.5
getting_sick,17.5,17736.56777192429,0.5
Healthy,17.75,958746.3212994022,0.75
Infected,17.75,41263.678700598175,0.75
rate_of_potential_infectious_contacts,17.75,4793731.606497011,0.75
total_population,17.75,1000010.0000000003,0.75
Fraction_of_population_infected,17.75,0.04126326606793748,0.75
Contacts_between_infected_and_unaffected,17.75,197805.02273716754,0.75
getting_sick,17.75,19780.502273716756,0.75
Healthy,18.0,953801.1957309729,0.0
Infected,18.0,46208.804269027365,0.0
rate_of_potential_infectious_contacts,18.0,4769005.978654864,0.0
total_population,18.0,1000010.0000000002,0.0
Fraction_of_population_infected,18.0,0.046208342185605496,0.0
Contacts_between_infected_and_unaffected,18.0,220367.8601468824,0.0
getting_sick,18.0,22036.78601468824,0.0
Healthy,18.25,948291.9992273009,0.25
Infected,18.25,51718.00077269942,0.25
rate_of_potential_infectious_contacts,18.25,4741459.996136504,0.25
total_population,18.25,1000010.0000000002,0.25
Fraction_of_population_infected,18.25,0.051717483597863434,0.25
Contacts_between_infected_and_unaffected,18.25,245216.3795801153,0.25
getting_sick,18.25,24521.63795801153,0.25
Healthy,18.5,942161.589737798,0.5
Infected,18.5,57848.410262202306,0.5
rate_of_potential_infectious_contacts,18.5,4710807.9486889895,0.5
total_population,18.5,1000010.0000000002,0.5
Fraction_of_population_infected,18.5,0.05784783178388445,0.5
Contacts_between_infected_and_unaffected,18.5,272510.02578194643,0.5
getting_sick,18.5,27251.002578194646,0.5
Healthy,18.75,935348.8390932493,0.75
Infected,18.75,64661.16090675097,0.75
rate_of_potential_infectious_contacts,18.75,4676744.195466246,0.75
total_population,18.75,1000010.0000000002,0.75
Fraction_of_population_infected,18.75,0.06466051430160794,0.75
Contacts_between_infected_and_unaffected,18.75,302400.68493590713,0.75
getting_sick,18.75,30240.068493590716,0.75
Healthy,19.0,927788.8219698516,0.0
Infected,19.0,72221.17803014864,0.0
rate_of_potential_infectious_contacts,19.0,4638944.109849258,0.0
total_population,19.0,1000010.0000000002,0.0
Fraction_of_population_infected,19.0,0.07222045582559038,0.0
Contacts_between_infected_and_unaffected,19.0,335026.65816275106,0.0
getting_sick,19.0,33502.665816275105,0.0
Healthy,19.25,919413.1555157829,0.25
Infected,19.25,80596.84448421742,0.25
rate_of_potential_infectious_contacts,19.25,4597065.777578915,0.25
total_population,19.25,1000010.0000000003,0.25
Fraction_of_population_infected,19.25,0.08059603852383215,0.25
Contacts_between_infected_and_unaffected,19.25,370505.2905063406,0.25
getting_sick,19.25,37050.52905063406,0.25
Healthy,19.5,910150.5232531243,0.5
Infected,19.5,89859.47674687594,0.5
rate_of_potential_infectious_contacts,19.5,4550752.616265622,0.5
total_population,19.5,1000010.0000000002,0.5
Fraction_of_population_infected,19.5,0.08985857816109431,0.5
Contacts_between_infected_and_unaffected,19.5,408924.1596605088,0.5
getting_sick,19.5,40892.41596605088,0.5
Healthy,19.75,899927.4192616116,0.75
Infected,19.75,100082.58073838866,0.75
rate_of_potential_infectious_contacts,19.75,4499637.096308058,0.75
total_population,19.75,1000010.0000000003,0.75
Fraction_of_population_infected,19.75,0.1000815799225894,0.75
Contacts_between_infected_and_unaffected,19.75,450330.789676803,0.75
getting_sick,19.75,45033.0789676803,0.75
Healthy,20.0,888669.1495196916,0.0
Infected,20.0,111340.85048030873,0.0
rate_of_potential_infectious_contacts,20.0,4443345.747598458,0.0
total_population,20.0,1000010.0000000003,0.0
Fraction_of_population_infected,20.0,0.11133973708293786,0.0
Contacts_between_infected_and_unaffected,20.0,494720.94730620226,0.0
getting_sick,20.0,49472.09473062023,0.0
Healthy,20.25,876301.1258370365,0.25
Infected,20.25,123708.87416296378,0.25
rate_of_potential_infectious_contacts,20.25,4381505.629185183,0.25
total_population,20.25,1000010.0000000003,0.25
Fraction_of_population_infected,20.25,0.12370763708659287,0.25
Contacts_between_infected_and_unaffected,20.25,542025.7082681044,0.25
getting_sick,20.25,54202.570826810435,0.25
Healthy,20.5,862750.483130334,0.5
Infected,20.5,137259.5168696664,0.5
rate_of_potential_infectious_contacts,20.5,4313752.41565167,0.5
total_population,20.5,1000010.0000000003,0.5
Fraction_of_population_infected,20.5,0.13725814428822347,0.5
Contacts_between_infected_and_unaffected,20.5,592097.6514911894,0.5
getting_sick,20.5,59209.76514911894,0.5
Healthy,20.75,847948.0418430542,0.75
Infected,20.75,152061.95815694614,0.75
rate_of_potential_infectious_contacts,20.75,4239740.209215271,0.75
total_population,20.75,1000010.0000000003,0.75
Fraction_of_population_infected,20.75,0.15206043755257057,0.75
Contacts_between_infected_and_unaffected,20.75,644696.7513225012,0.75
getting_sick,20.75,64469.67513225012,0.75
Healthy,21.0,831830.6230599917,0.0
Infected,21.0,168179.37694000866,0.0
rate_of_potential_infectious_contacts,21.0,4159153.1152999587,0.0
total_population,21.0,1000010.0000000005,0.0
Fraction_of_population_infected,21.0,0.16817769516305694,0.0
Contacts_between_infected_and_unaffected,21.0,699476.7847613951,0.0
getting_sick,21.0,69947.67847613951,0.0
Healthy,21.25,814343.7034409569,0.25
Infected,21.25,185666.29655904355,0.25
rate_of_potential_infectious_contacts,21.25,4071718.5172047843,0.25
total_population,21.25,1000010.0000000005,0.25
Fraction_of_population_infected,21.25,0.18566443991464432,0.25
Contacts_between_infected_and_unaffected,21.25,755973.3379869123,0.25
getting_sick,21.25,75597.33379869124,0.25
Healthy,21.5,795444.3699912841,0.5
Infected,21.5,204565.63000871637,0.5
rate_of_potential_infectious_contacts,21.5,3977221.8499564203,0.5
total_population,21.5,1000010.0000000005,0.5
Fraction_of_population_infected,21.5,0.20456358437287256,0.5
Contacts_between_infected_and_unaffected,21.5,813594.7574731924,0.5
getting_sick,21.5,81359.47574731924,0.5
Healthy,21.75,775104.5010544542,0.75
Infected,21.75,224905.4989455462,0.75
rate_of_potential_infectious_contacts,21.75,3875522.505272271,0.75
total_population,21.75,1000010.0000000005,0.75
Fraction_of_population_infected,21.75,0.22490324991304694,0.75
Contacts_between_infected_and_unaffected,21.75,871617.6065468874,0.75
getting_sick,21.75,87161.76065468875,0.75
Healthy,22.0,753314.060890782,0.0
Infected,22.0,246695.93910921837,0.0
rate_of_potential_infectious_contacts,22.0,3766570.3044539103,0.0
total_population,22.0,1000010.0000000005,0.0
Fraction_of_population_infected,22.0,0.2466934721744965,0.0
Contacts_between_infected_and_unaffected,22.0,929188.3065950855,0.0
getting_sick,22.0,92918.83065950856,0.0
Healthy,22.25,730084.3532259049,0.25
Infected,22.25,269925.6467740955,0.25
rate_of_potential_infectious_contacts,22.25,3650421.7661295244,0.25
total_population,22.25,1000010.0000000003,0.25
Fraction_of_population_infected,22.25,0.26992294754461993,0.25
Contacts_between_infected_and_unaffected,22.25,985332.6028947184,0.25
getting_sick,22.25,98533.26028947184,0.25
Healthy,22.5,705451.0381535369,0.5
Infected,22.5,294558.96184646344,0.5
rate_of_potential_infectious_contacts,22.5,3527255.190767684,0.5
total_population,22.5,1000010.0000000002,0.5
Fraction_of_population_infected,22.5,0.2945560162863005,0.5
Contacts_between_infected_and_unaffected,22.5,1038974.237417704,0.5
getting_sick,22.5,103897.4237417704,0.5
Healthy,22.75,679476.6822180942,0.75
Infected,22.75,320533.31778190605,0.75
rate_of_potential_infectious_contacts,22.75,3397383.4110904713,0.75
total_population,22.75,1000010.0000000002,0.75
Fraction_of_population_infected,22.75,0.32053011248078117,0.75
Contacts_between_infected_and_unaffected,22.75,1088963.6868971689,0.75
getting_sick,22.75,108896.3686897169,0.75
Healthy,23.0,652252.590045665,0.0
Infected,23.0,347757.40995433525,0.0
rate_of_potential_infectious_contacts,23.0,3261262.950228325,0.0
total_population,23.0,1000010.0000000002,0.0
Fraction_of_population_infected,23.0,0.347753932415011,0.0
Contacts_between_infected_and_unaffected,23.0,1134117.0155812805,0.0
getting_sick,23.0,113411.70155812806,0.0
Healthy,23.25,623899.664656133,0.25
Infected,23.25,376110.33534386725,0.25
rate_of_potential_infectious_contacts,23.25,3119498.323280665,0.25
total_population,23.25,1000010.0000000002,0.25
Fraction_of_population_infected,23.25,0.3761065742781244,0.25
Contacts_between_infected_and_unaffected,23.25,1173263.827835444,0.25
getting_sick,23.25,117326.3827835444,0.25
Healthy,23.5,594568.068960247,0.5
Infected,23.5,405441.93103975337,0.5
rate_of_potential_infectious_contacts,23.5,2972840.344801235,0.5
total_population,23.5,1000010.0000000003,0.5
Fraction_of_population_infected,23.5,0.40543787666098663,0.5
Contacts_between_infected_and_unaffected,23.5,1205302.077048328,0.5
getting_sick,23.5,120530.2077048328,0.5
Healthy,23.75,564435.5170340388,0.75
Infected,23.75,435574.48296596156,0.75
rate_of_potential_infectious_contacts,23.75,2822177.585170194,0.75
total_population,23.75,1000010.0000000003,0.75
Fraction_of_population_infected,23.75,0.43557012726468874,0.75
Contacts_between_infected_and_unaffected,23.75,1229256.2499361334,0.75
getting_sick,23.75,122925.62499361334,0.75
Healthy,24.0,533704.1107856354,0.0
Infected,24.0,466305.8892143649,0.0
rate_of_potential_infectious_contacts,24.0,2668520.553928177,0.0
total_population,24.0,1000010.0000000003,0.0
Fraction_of_population_infected,24.0,0.46630122620210274,0.0
Contacts_between_infected_and_unaffected,24.0,1244334.4064422233,0.0
getting_sick,24.0,124433.44064422234,0.0
Healthy,24.25,502595.75062457984,0.25
Infected,24.25,497414.2493754205,0.25
rate_of_potential_infectious_contacts,24.25,2512978.753122899,0.25
total_population,24.25,1000010.0000000003,0.25
Fraction_of_population_infected,24.25,0.4974092752826675,0.25
Contacts_between_infected_and_unaffected,24.25,1249978.9403916027,0.25
getting_sick,24.25,124997.89403916028,0.25
Healthy,24.5,471346.27711478976,0.5
Infected,24.5,528663.7228852105,0.5
rate_of_potential_infectious_contacts,24.5,2356731.3855739487,0.5
total_population,24.5,1000010.0000000002,0.5
Fraction_of_population_infected,24.5,0.5286584363008474,0.5
Contacts_between_infected_and_unaffected,24.5,1245905.9290786532,0.5
getting_sick,24.5,124590.59290786533,0.5
Healthy,24.75,440198.62888782343,0.75
Infected,24.75,559811.3711121769,0.75
rate_of_potential_infectious_contacts,24.75,2200993.144439117,0.75
total_population,24.75,1000010.0000000003,0.75
Fraction_of_population_infected,24.75,0.5598057730544461,0.75
Contacts_between_infected_and_unaffected,24.75,1232128.668710276,0.75
getting_sick,24.75,123212.86687102761,0.75
Healthy,25.0,409395.41217006656,0.0
Infected,25.0,590614.5878299339,0.0
rate_of_potential_infectious_contacts,25.0,2046977.0608503327,0.0
total_population,25.0,1000010.0000000005,0.0
Fraction_of_population_infected,25.0,0.5906086817431161,0.0
Contacts_between_infected_and_unaffected,25.0,1208962.4234672133,0.0
getting_sick,25.0,120896.24234672134,0.0
Healthy,25.25,379171.35158338625,0.25
Infected,25.25,620838.6484166142,0.25
rate_of_potential_infectious_contacts,25.25,1895856.7579169313,0.25
total_population,25.25,1000010.0000000005,0.25
Fraction_of_population_infected,25.25,0.620832440092213,0.25
Contacts_between_infected_and_unaffected,25.25,1177009.3770828804,0.25
getting_sick,25.25,117700.93770828804,0.25
Healthy,25.5,349746.11715631426,0.5
Infected,25.5,650263.8828436862,0.5
rate_of_potential_infectious_contacts,25.5,1748730.5857815712,0.5
total_population,25.5,1000010.0000000005,0.5
Fraction_of_population_infected,25.5,0.6502573802698831,0.5
Contacts_between_infected_and_unaffected,25.5,1137124.9695081427,0.5
getting_sick,25.5,113712.49695081427,0.5
Healthy,25.75,321317.9929186107,0.75
Infected,25.75,678692.0070813897,0.75
rate_of_potential_infectious_contacts,25.75,1606589.9645930533,0.75
total_population,25.75,1000010.0000000003,0.75
Fraction_of_population_infected,25.75,0.6786852202291871,0.75
Contacts_between_infected_and_unaffected,25.75,1090368.8639378382,0.75
getting_sick,25.75,109036.88639378383,0.75
Healthy,26.0,294058.7713201647,0.0
Infected,26.0,705951.2286798356,0.0
rate_of_potential_infectious_contacts,26.0,1470293.8566008236,0.0
total_population,26.0,1000010.0000000002,0.0
Fraction_of_population_infected,26.0,0.7059441692381431,0.0
Contacts_between_infected_and_unaffected,26.0,1037945.3751340138,0.0
getting_sick,26.0,103794.53751340139,0.0
Healthy,26.25,268110.1369418144,0.25
Infected,26.25,731899.8630581859,0.25
rate_of_potential_infectious_contacts,26.25,1340550.6847090719,0.25
total_population,26.25,1000010.0000000002,0.25
Fraction_of_population_infected,26.25,0.7318925441327444,0.25
Contacts_between_infected_and_unaffected,26.25,981139.0511706151,0.25
getting_sick,26.25,98113.90511706151,0.25
Healthy,26.5,243581.66066254902,0.5
Infected,26.5,756428.3393374513,0.5
rate_of_potential_infectious_contacts,26.5,1217908.3033127452,0.5
total_population,26.5,1000010.0000000002,0.5
Fraction_of_population_infected,26.5,0.7564207751296997,0.5
Contacts_between_infected_and_unaffected,26.5,921251.1428287241,0.5
getting_sick,26.5,92125.11428287241,0.5
Healthy,26.75,220550.38209183092,0.75
Infected,26.75,779459.6179081694,0.75
rate_of_potential_infectious_contacts,26.75,1102751.9104591545,0.75
total_population,26.75,1000010.0000000003,0.75
Fraction_of_population_infected,26.75,0.7794518233899352,0.75
Contacts_between_infected_and_unaffected,26.75,859541.9873541226,0.75
getting_sick,26.75,85954.19873541227,0.75
Healthy,27.0,199061.83240797784,0.0
Infected,27.0,800948.1675920225,0.0
rate_of_potential_infectious_contacts,27.0,995309.1620398893,0.0
total_population,27.0,1000010.0000000002,0.0
Fraction_of_population_infected,27.0,0.8009401581904404,0.0
Contacts_between_infected_and_unaffected,27.0,797183.0776926236,0.0
getting_sick,27.0,79718.30776926236,0.0
Healthy,27.25,179132.25546566225,0.25
Infected,27.25,820877.744534338,0.25
rate_of_potential_infectious_contacts,27.25,895661.2773283112,0.25
total_population,27.25,1000010.0000000002,0.25
Fraction_of_population_infected,27.25,0.8208695358389795,0.25
Contacts_between_infected_and_unaffected,27.25,735221.0569894384,0.25
getting_sick,27.25,73522.10569894384,0.25
Healthy,27.5,160751.7290409263,0.5
Infected,27.5,839258.2709590739,0.5
rate_of_potential_infectious_contacts,27.5,803758.6452046315,0.5
total_population,27.5,1000010.0000000002,0.5
Fraction_of_population_infected,27.5,0.8392498784602891,0.5
Contacts_between_infected_and_unaffected,27.5,674554.3452993936,0.5
getting_sick,27.5,67455.43452993936,0.5
Healthy,27.75,143887.87040844146,0.75
Infected,27.75,856122.1295915587,0.75
rate_of_potential_infectious_contacts,27.75,719439.3520422073,0.75
total_population,27.75,1000010.0000000002,0.75
Fraction_of_population_infected,27.75,0.8561135684558739,0.75
Contacts_between_infected_and_unaffected,27.75,615921.7909644358,0.75
getting_sick,27.75,61592.17909644358,0.75
Healthy,28.0,128489.82563433057,0.0
Infected,28.0,871520.1743656696,0.0
rate_of_potential_infectious_contacts,28.0,642449.1281716528,0.0
total_population,28.0,1000010.0000000002,0.0
Fraction_of_population_infected,28.0,0.8715114592510769,0.0
Contacts_between_infected_and_unaffected,28.0,559901.7771874593,0.0
getting_sick,28.0,55990.17771874593,0.0
Healthy,28.25,114492.28120464408,0.25
Infected,28.25,885517.7187953561,0.25
rate_of_potential_infectious_contacts,28.25,572461.4060232204,0.25
total_population,28.25,1000010.0000000002,0.25
Fraction_of_population_infected,28.25,0.8855088637067189,0.25
Contacts_between_infected_and_unaffected,28.25,506919.6491635725,0.25
getting_sick,28.25,50691.964916357254,0.25
Healthy,28.5,101819.28997555477,0.5
Infected,28.5,898190.7100244454,0.5
rate_of_potential_infectious_contacts,28.5,509096.4498777739,0.5
total_population,28.5,1000010.0000000002,0.5
Fraction_of_population_infected,28.5,0.8981817282071631,0.5
Contacts_between_infected_and_unaffected,28.5,457261.12917535036,0.5
getting_sick,28.5,45726.112917535036,0.5
Healthy,28.75,90387.76174617102,0.75
Infected,28.75,909622.2382538292,0.75
rate_of_potential_infectious_contacts,28.75,451938.8087308551,0.75
total_population,28.75,1000010.0000000002,0.75
Fraction_of_population_infected,28.75,0.9096131421224077,0.75
Contacts_between_infected_and_unaffected,28.75,411089.47985673096,0.75
getting_sick,28.75,41108.9479856731,0.75
Healthy,29.0,80110.52474975275,0.0
Infected,29.0,919899.4752502475,0.0
rate_of_potential_infectious_contacts,29.0,400552.6237487637,0.0
total_population,29.0,1000010.0000000002,0.0
Fraction_of_population_infected,29.0,0.9198902763474839,0.0
Contacts_between_infected_and_unaffected,29.0,368464.46375195996,0.0
getting_sick,29.0,36846.446375196,0.0
Healthy,29.25,70898.91315595375,0.25
Infected,29.25,929111.0868440465,0.25
rate_of_potential_infectious_contacts,29.25,354494.56577976875,0.25
total_population,29.25,1000010.0000000002,0.25
Fraction_of_population_infected,29.25,0.929101795826088,0.25
Contacts_between_infected_and_unaffected,29.25,329361.5376765724,0.25
getting_sick,29.25,32936.15376765724,0.25
Healthy,29.5,62664.87471403944,0.5
Infected,29.5,937345.1252859609,0.5
rate_of_potential_infectious_contacts,29.5,313324.3735701972,0.5
total_population,29.5,1000010.0000000002,0.5
Fraction_of_population_infected,29.5,0.9373357519284413,0.5
Contacts_between_infected_and_unaffected,29.5,293690.1372979286,0.5
getting_sick,29.5,29369.013729792863,0.5
Healthy,29.75,55322.62128159122,0.75
Infected,29.75,944687.3787184091,0.75
rate_of_potential_infectious_contacts,29.75,276613.1064079561,0.75
total_population,29.75,1000010.0000000003,0.75
Fraction_of_population_infected,29.75,0.9446779319390893,0.75
Contacts_between_infected_and_unaffected,29.75,261310.29730871523,0.75
getting_sick,29.75,26131.029730871523,0.75
Healthy,30.0,48789.86384887334,0.0
Infected,30.0,951220.1361511269,0.0
rate_of_potential_infectious_contacts,30.0,243949.31924436672,0.0
total_population,30.0,1000010.0000000002,0.0
Fraction_of_population_infected,30.0,0.9512106240448862,0.0
Contacts_between_infected_and_unaffected,30.0,232047.18419375923,0.0
getting_sick,30.0,23204.718419375924,0.0
Healthy,30.25,42988.68424402936,0.25
Infected,30.25,957021.3157559709,0.25
rate_of_potential_infectious_contacts,30.25,214943.42122014682,0.25
total_population,30.25,1000010.0000000002,0.25
Fraction_of_population_infected,30.25,0.9570117456385143,0.25
Contacts_between_infected_and_unaffected,30.25,205703.37875540718,0.25
getting_sick,30.25,20570.337875540718,0.25
Healthy,30.5,37846.09977514418,0.5
Infected,30.5,962163.9002248561,0.5
rate_of_potential_infectious_contacts,30.5,189230.49887572092,0.5
total_population,30.5,1000010.0000000002,0.5
Fraction_of_population_infected,30.5,0.962154278682069,0.5
Contacts_between_infected_and_unaffected,30.5,182068.93415041734,0.5
getting_sick,30.5,18206.893415041734,0.5
Healthy,30.75,33294.37642138375,0.75
Infected,30.75,966715.6235786165,0.75
rate_of_potential_infectious_contacts,30.75,166471.88210691875,0.75
total_population,30.75,1000010.0000000002,0.75
Fraction_of_population_infected,30.75,0.9667059565190511,0.75
Contacts_between_infected_and_unaffected,30.75,160929.3600256956,0.75
getting_sick,30.75,16092.936002569562,0.75
Healthy,31.0,29271.14242074136,0.0
Infected,31.0,970738.857579259,0.0
rate_of_potential_infectious_contacts,31.0,146355.71210370678,0.0
total_population,31.0,1000010.0000000003,0.0
Fraction_of_population_infected,31.0,0.9707291502877557,0.0
Contacts_between_infected_and_unaffected,31.0,142071.75605019068,0.0
getting_sick,31.0,14207.175605019069,0.0
Healthy,31.25,25719.34851948659,0.25
Infected,31.25,974290.6514805137,0.25
rate_of_potential_infectious_contacts,31.25,128596.74259743295,0.25
total_population,31.25,1000010.0000000003,0.25
Fraction_of_population_infected,31.25,0.9742809086714267,0.25
Contacts_between_infected_and_unaffected,31.25,125289.35123001254,0.25
getting_sick,31.25,12528.935123001254,0.25
Healthy,31.5,22587.114738736276,0.5
Infected,31.5,977422.885261264,0.5
rate_of_potential_infectious_contacts,31.5,112935.57369368138,0.5
total_population,31.5,1000010.0000000003,0.5
Fraction_of_population_infected,31.5,0.9774131111301524,0.5
Contacts_between_infected_and_unaffected,31.5,110384.71044120971,0.5
getting_sick,31.5,11038.471044120972,0.5
Healthy,31.75,19827.496977706032,0.75
Infected,31.75,980182.5030222943,0.75
rate_of_potential_infectious_contacts,31.75,99137.48488853016,0.75
total_population,31.75,1000010.0000000002,0.75
Fraction_of_population_infected,31.75,0.9801727012952811,0.75
Contacts_between_infected_and_unaffected,31.75,97171.85636281072,0.75
getting_sick,31.75,9717.185636281072,0.75
Healthy,32.0,17398.200568635766,0.0
Infected,32.0,982611.7994313645,0.0
rate_of_potential_infectious_contacts,32.0,86991.00284317884,0.0
total_population,32.0,1000010.0000000002,0.0
Fraction_of_population_infected,32.0,0.9826019734116301,0.0
Contacts_between_infected_and_unaffected,32.0,85477.53106276426,0.0
getting_sick,32.0,8547.753106276426,0.0
Healthy,32.25,15261.26229206666,0.25
Infected,32.25,984748.7377079336,0.25
rate_of_potential_infectious_contacts,32.25,76306.3114603333,0.25
total_population,32.25,1000010.0000000003,0.25
Fraction_of_population_infected,32.25,0.9847388903190301,0.25
Contacts_between_infected_and_unaffected,32.25,75141.79247178689,0.25
getting_sick,32.25,7514.179247178689,0.25
Healthy,32.5,13382.717480271987,0.5
Infected,32.5,986627.2825197283,0.5
rate_of_potential_infectious_contacts,32.5,66913.58740135994,0.5
total_population,32.5,1000010.0000000002,0.5
Fraction_of_population_infected,32.5,0.9866174163455647,0.5
Contacts_between_infected_and_unaffected,32.5,66018.11072034287,0.5
getting_sick,32.5,6601.8110720342875,0.5
Healthy,32.75,11732.264712263415,0.75
Infected,32.75,988277.7352877369,0.75
rate_of_potential_infectious_contacts,32.75,58661.32356131708,0.75
total_population,32.75,1000010.0000000002,0.75
Fraction_of_population_infected,32.75,0.9882678526092106,0.75
Contacts_between_infected_and_unaffected,32.75,57973.100267156915,0.75
getting_sick,32.75,5797.3100267156915,0.75
Healthy,33.0,10282.937205584492,0.0
Infected,33.0,989727.0627944157,0.0
rate_of_potential_infectious_contacts,33.0,51414.686027922464,0.0
total_population,33.0,1000010.0000000002,0.0
Fraction_of_population_infected,33.0,0.9897171656227592,0.0
Contacts_between_infected_and_unaffected,33.0,50885.997326939505,0.0
getting_sick,33.0,5088.5997326939505,0.0
Healthy,33.25,9010.787272411006,0.25
Infected,33.25,990999.2127275892,0.25
rate_of_potential_infectious_contacts,33.25,45053.93636205503,0.25
total_population,33.25,1000010.0000000002,0.25
Fraction_of_population_infected,33.25,0.9909893028345607,0.25
Contacts_between_infected_and_unaffected,33.25,44647.968985385574,0.25
getting_sick,33.25,4464.796898538558,0.25
Healthy,33.5,7894.588047776366,0.5
Infected,33.5,992115.4119522239,0.5
rate_of_potential_infectious_contacts,33.5,39472.94023888183,0.5
total_population,33.5,1000010.0000000002,0.5
Fraction_of_population_infected,33.5,0.9921054908973147,0.5
Contacts_between_infected_and_unaffected,33.5,39161.32075285622,0.5
getting_sick,33.5,3916.1320752856222,0.5
Healthy,33.75,6915.55502895496,0.75
Infected,33.75,993094.4449710452,0.75
rate_of_potential_infectious_contacts,33.75,34577.7751447748,0.75
total_population,33.75,1000010.0000000002,0.75
Fraction_of_population_infected,33.75,0.9930845141259037,0.75
Contacts_between_infected_and_unaffected,33.75,34338.65302920344,0.75
getting_sick,33.75,3433.8653029203438,0.75
Healthy,34.0,6057.088703224874,0.0
Infected,34.0,993952.9112967753,0.0
rate_of_potential_infectious_contacts,34.0,30285.443516124367,0.0
total_population,34.0,1000010.0000000002,0.0
Fraction_of_population_infected,34.0,0.9939429718670564,0.0
Contacts_between_infected_and_unaffected,34.0,30102.003732728528,0.0
getting_sick,34.0,3010.200373272853,0.0
Healthy,34.25,5304.538609906661,0.25
Infected,34.25,994705.4613900936,0.25
rate_of_potential_infectious_contacts,34.25,26522.693049533304,0.25
total_population,34.25,1000010.0000000002,0.25
Fraction_of_population_infected,34.25,0.994695514434949,0.25
Contacts_between_infected_and_unaffected,34.25,26382.003807105775,0.25
getting_sick,34.25,2638.2003807105775,0.25
Healthy,34.5,4644.988514729017,0.5
Infected,34.5,995365.0114852712,0.5
rate_of_potential_infectious_contacts,34.5,23224.942573645087,0.5
total_population,34.5,1000010.0000000001,0.5
Fraction_of_population_infected,34.5,0.9953550579346917,0.5
Contacts_between_infected_and_unaffected,34.5,23117.064060920395,0.5
getting_sick,34.5,2311.7064060920397,0.5
Healthy,34.75,4067.061913206007,0.75
Infected,34.75,995942.9380867942,0.75
rate_of_potential_infectious_contacts,34.75,20335.309566030035,0.75
total_population,34.75,1000010.0000000002,0.75
Fraction_of_population_infected,34.75,0.9959329787570064,0.75
Contacts_between_infected_and_unaffected,34.75,20252.60543004214,0.75
getting_sick,34.75,2025.260543004214,0.75
Healthy,35.0,3560.746777454953,0.0
Infected,35.0,996449.2532225453,0.0
rate_of_potential_infectious_contacts,35.0,17803.733887274764,0.0
total_population,35.0,1000010.0000000002,0.0
Fraction_of_population_infected,35.0,0.9964392888296567,0.0
Contacts_between_infected_and_unaffected,35.0,17740.339933148527,0.0
getting_sick,35.0,1774.0339933148528,0.0
Healthy,35.25,3117.23827912624,0.25
Infected,35.25,996892.761720874,0.25
rate_of_potential_infectious_contacts,35.25,15586.191395631198,0.25
total_population,35.25,1000010.0000000002,0.25
Fraction_of_population_infected,35.25,0.9968827928929448,0.25
Contacts_between_infected_and_unaffected,35.25,15537.606009040814,0.25
getting_sick,35.25,1553.7606009040815,0.25
Healthy,35.5,2728.7981289002196,0.5
Infected,35.5,997281.2018711,0.5
rate_of_potential_infectious_contacts,35.5,13643.990644501098,0.5
total_population,35.5,1000010.0000000002,0.5
Fraction_of_population_infected,35.5,0.9972712291588082,0.5
Contacts_between_infected_and_unaffected,35.5,13606.759320672889,0.5
getting_sick,35.5,1360.675932067289,0.5
Healthy,35.75,2388.6291458833975,0.75
Infected,35.75,997621.3708541169,0.75
rate_of_potential_infectious_contacts,35.75,11943.145729416989,0.75
total_population,35.75,1000010.0000000002,0.75
Fraction_of_population_infected,35.75,0.9976113947401692,0.75
Contacts_between_infected_and_unaffected,35.75,11914.618268708778,0.75
getting_sick,35.75,1191.461826870878,0.75
Healthy,36.0,2090.763689165678,0.0
Infected,36.0,997919.2363108345,0.0
rate_of_potential_infectious_contacts,36.0,10453.81844582839,0.0
total_population,36.0,1000010.0000000002,0.0
Fraction_of_population_infected,36.0,0.9979092572182621,0.0
Contacts_between_infected_and_unaffected,36.0,10431.962200371176,0.0
getting_sick,36.0,1043.1962200371177,0.0
Healthy,36.25,1829.9646341563985,0.25
Infected,36.25,998180.0353658438,0.25
rate_of_potential_infectious_contacts,36.25,9149.823170781992,0.25
total_population,36.25,1000010.0000000002,0.25
Fraction_of_population_infected,36.25,0.9981700536653069,0.25
Contacts_between_infected_and_unaffected,36.25,9133.07948540753,0.25
getting_sick,36.25,913.307948540753,0.25
Healthy,36.5,1601.6376470212101,0.5
Infected,36.5,998408.362352979,0.5
rate_of_potential_infectious_contacts,36.5,8008.18823510605,0.5
total_population,36.5,1000010.0000000002,0.5
Fraction_of_population_infected,36.5,0.9983983783691951,0.5
Contacts_between_infected_and_unaffected,36.5,7995.362147605148,0.5
getting_sick,36.5,799.5362147605148,0.5
Healthy,36.75,1401.7535933310814,0.75
Infected,36.75,998608.2464066691,0.75
rate_of_potential_infectious_contacts,36.75,7008.767966655407,0.75
total_population,36.75,1000010.0000000002,0.75
Fraction_of_population_infected,36.75,0.9985982604240646,0.75
Contacts_between_infected_and_unaffected,36.75,6998.943499217998,0.75
getting_sick,36.75,699.8943499217999,0.75
Healthy,37.0,1226.7800058506314,0.0
Infected,37.0,998783.2199941496,0.0
rate_of_potential_infectious_contacts,37.0,6133.900029253156,0.0
total_population,37.0,1000010.0000000002,0.0
Fraction_of_population_infected,37.0,0.9987732322618268,0.0
Contacts_between_infected_and_unaffected,37.0,6126.375158588089,0.0
getting_sick,37.0,612.6375158588089,0.0
Healthy,37.25,1073.6206268859291,0.25
Infected,37.25,998936.3793731143,0.25
rate_of_potential_infectious_contacts,37.25,5368.103134429646,0.25
total_population,37.25,1000010.0000000002,0.25
Fraction_of_population_infected,37.25,0.998926390109213,0.25
Contacts_between_infected_and_unaffected,37.25,5362.339885809758,0.25
getting_sick,37.25,536.2339885809758,0.25
Healthy,37.5,939.5621297406851,0.5
Infected,37.5,999070.4378702595,0.5
rate_of_potential_infectious_contacts,37.5,4697.810648703426,0.5
total_population,37.5,1000010.0000000002,0.5
Fraction_of_population_infected,37.5,0.9990604472657866,0.5
Contacts_between_infected_and_unaffected,37.5,4693.396807863619,0.5
getting_sick,37.5,469.3396807863619,0.5
Healthy,37.75,822.2272095440946,0.75
Infected,37.75,999187.7727904561,0.75
rate_of_potential_infectious_contacts,37.75,4111.1360477204735,0.75
total_population,37.75,1000010.0000000001,0.75
Fraction_of_population_infected,37.75,0.9991777810126459,0.75
Contacts_between_infected_and_unaffected,37.75,4107.755793602441,0.75
getting_sick,37.75,410.77557936024414,0.75
Healthy,38.0,719.5333147040336,0.0
Infected,38.0,999290.4666852962,0.0
rate_of_potential_infectious_contacts,38.0,3597.666573520168,0.0
total_population,38.0,1000010.0000000002,0.0
Fraction_of_population_infected,38.0,0.9992804738805571,0.0
Contacts_between_infected_and_unaffected,38.0,3595.0779584514735,0.0
getting_sick,38.0,359.50779584514737,0.0
Healthy,38.25,629.6563657427467,0.25
Infected,38.25,999380.3436342574,0.25
rate_of_potential_infectious_contacts,38.25,3148.281828713734,0.25
total_population,38.25,1000010.0000000002,0.25
Fraction_of_population_infected,38.25,0.9993703499307579,0.25
Contacts_between_infected_and_unaffected,38.25,3146.299512842291,0.25
getting_sick,38.25,314.6299512842291,0.25
Healthy,38.5,550.9988779216894,0.5
Infected,38.5,999459.0011220785,0.5
rate_of_potential_infectious_contacts,38.5,2754.994389608447,0.5
total_population,38.5,1000010.0000000002,0.5
Fraction_of_population_infected,38.5,0.999449006632012,0.5
Contacts_between_infected_and_unaffected,38.5,2753.476405970928,0.5
getting_sick,38.5,275.34764059709283,0.5
Healthy,38.75,482.16196777241623,0.75
Infected,38.75,999527.8380322278,0.75
rate_of_potential_infectious_contacts,38.75,2410.809838862081,0.75
total_population,38.75,1000010.0000000002,0.75
Fraction_of_population_infected,38.75,0.9995178428537991,0.75
Contacts_between_infected_and_unaffected,38.75,2409.647449670142,0.75
getting_sick,38.75,240.9647449670142,0.75
Healthy,39.0,421.9207815306627,0.0
Infected,39.0,999588.0792184696,0.0
rate_of_potential_infectious_contacts,39.0,2109.6039076533134,0.0
total_population,39.0,1000010.0000000002,0.0
Fraction_of_population_infected,39.0,0.999578083437635,0.0
Contacts_between_infected_and_unaffected,39.0,2108.7138308246444,0.0
getting_sick,39.0,210.87138308246446,0.0
Healthy,39.25,369.20293576004656,0.25
Infected,39.25,999640.7970642402,0.25
rate_of_potential_infectious_contacts,39.25,1846.0146788002328,0.25
total_population,39.25,1000010.0000000002,0.25
Fraction_of_population_infected,39.25,0.9996308007562325,0.25
Contacts_between_infected_and_unaffected,39.25,1845.333131576836,0.25
getting_sick,39.25,184.5333131576836,0.25
Healthy,39.5,323.06960747062567,0.5
Infected,39.5,999686.9303925296,0.5
rate_of_potential_infectious_contacts,39.5,1615.3480373531283,0.5
total_population,39.5,1000010.0000000002,0.5
Fraction_of_population_infected,39.5,0.9996769336231931,0.5
Contacts_between_infected_and_unaffected,39.5,1614.8261727154186,0.5
getting_sick,39.5,161.48261727154187,0.5
Healthy,39.75,282.6989531527402,0.75
Infected,39.75,999727.3010468475,0.75
rate_of_potential_infectious_contacts,39.75,1413.494765763701,0.75
total_population,39.75,1000010.0000000002,0.75
Fraction_of_population_infected,39.75,0.9997173038738085,0.75
Contacts_between_infected_and_unaffected,39.75,1413.0951762690277,0.75
getting_sick,39.75,141.309517